timestamp,src_ip,query
1761213499.393988,192.168.128.2,0.debian.pool.ntp.org
1761213499.394003,192.168.128.2,0.debian.pool.ntp.org
1761213499.394839,192.168.128.4,0.debian.pool.ntp.org
1761213499.394840,192.168.128.4,0.debian.pool.ntp.org
1761213499.395062,192.168.128.2,0.debian.pool.ntp.org
1761213499.395068,192.168.128.2,0.debian.pool.ntp.org
1761213499.395600,192.168.128.4,0.debian.pool.ntp.org
1761213499.395600,192.168.128.4,0.debian.pool.ntp.org
1761213499.395842,192.168.128.2,1.debian.pool.ntp.org
1761213499.395848,192.168.128.2,1.debian.pool.ntp.org
1761213499.396317,192.168.128.4,1.debian.pool.ntp.org
1761213499.396317,192.168.128.4,1.debian.pool.ntp.org
1761213499.396333,192.168.128.2,1.debian.pool.ntp.org
1761213499.396337,192.168.128.2,1.debian.pool.ntp.org
1761213499.396710,192.168.128.4,1.debian.pool.ntp.org
1761213499.396710,192.168.128.4,1.debian.pool.ntp.org
1761213499.396803,192.168.128.2,2.debian.pool.ntp.org
1761213499.396808,192.168.128.2,2.debian.pool.ntp.org
1761213499.397114,192.168.128.4,2.debian.pool.ntp.org
1761213499.397114,192.168.128.4,2.debian.pool.ntp.org
1761213499.397132,192.168.128.2,2.debian.pool.ntp.org
1761213499.397137,192.168.128.2,2.debian.pool.ntp.org
1761213499.397458,192.168.128.4,2.debian.pool.ntp.org
1761213499.397458,192.168.128.4,2.debian.pool.ntp.org
1761213499.397537,192.168.128.2,3.debian.pool.ntp.org
1761213499.397541,192.168.128.2,3.debian.pool.ntp.org
1761213499.397765,192.168.128.4,3.debian.pool.ntp.org
1761213499.397765,192.168.128.4,3.debian.pool.ntp.org
1761213499.397777,192.168.128.2,3.debian.pool.ntp.org
1761213499.397780,192.168.128.2,3.debian.pool.ntp.org
1761213499.397998,192.168.128.4,3.debian.pool.ntp.org
1761213499.397998,192.168.128.4,3.debian.pool.ntp.org
1761213499.398074,192.168.128.2,0.debian.pool.ntp.org
1761213499.398078,192.168.128.2,0.debian.pool.ntp.org
1761213499.398328,192.168.128.4,0.debian.pool.ntp.org
1761213499.398328,192.168.128.4,0.debian.pool.ntp.org
1761213499.398338,192.168.128.2,0.debian.pool.ntp.org
1761213499.398341,192.168.128.2,0.debian.pool.ntp.org
1761213499.398707,192.168.128.4,0.debian.pool.ntp.org
1761213499.398707,192.168.128.4,0.debian.pool.ntp.org
1761213499.401113,192.168.128.2,1.debian.pool.ntp.org
1761213499.401122,192.168.128.2,1.debian.pool.ntp.org
1761213499.401568,192.168.128.4,1.debian.pool.ntp.org
1761213499.401568,192.168.128.4,1.debian.pool.ntp.org
1761213499.401582,192.168.128.2,1.debian.pool.ntp.org
1761213499.401586,192.168.128.2,1.debian.pool.ntp.org
1761213499.401799,192.168.128.4,1.debian.pool.ntp.org
1761213499.401799,192.168.128.4,1.debian.pool.ntp.org
1761213499.401851,192.168.128.2,2.debian.pool.ntp.org
1761213499.401855,192.168.128.2,2.debian.pool.ntp.org
1761213499.402265,192.168.128.4,2.debian.pool.ntp.org
1761213499.402265,192.168.128.4,2.debian.pool.ntp.org
1761213499.402280,192.168.128.2,2.debian.pool.ntp.org
1761213499.402293,192.168.128.2,2.debian.pool.ntp.org
1761213499.402602,192.168.128.4,2.debian.pool.ntp.org
1761213499.402602,192.168.128.4,2.debian.pool.ntp.org
1761213499.402658,192.168.128.2,3.debian.pool.ntp.org
1761213499.402662,192.168.128.2,3.debian.pool.ntp.org
1761213499.403025,192.168.128.4,3.debian.pool.ntp.org
1761213499.403025,192.168.128.4,3.debian.pool.ntp.org
1761213499.403033,192.168.128.2,3.debian.pool.ntp.org
1761213499.403037,192.168.128.2,3.debian.pool.ntp.org
1761213499.403339,192.168.128.4,3.debian.pool.ntp.org
1761213499.403339,192.168.128.4,3.debian.pool.ntp.org
1761213499.403382,192.168.128.2,0.debian.pool.ntp.org
1761213499.403386,192.168.128.2,0.debian.pool.ntp.org
1761213499.403777,192.168.128.4,0.debian.pool.ntp.org
1761213499.403777,192.168.128.4,0.debian.pool.ntp.org
1761213499.403786,192.168.128.2,0.debian.pool.ntp.org
1761213499.403788,192.168.128.2,0.debian.pool.ntp.org
1761213499.404135,192.168.128.4,0.debian.pool.ntp.org
1761213499.404135,192.168.128.4,0.debian.pool.ntp.org
1761213499.404176,192.168.128.2,1.debian.pool.ntp.org
1761213499.404179,192.168.128.2,1.debian.pool.ntp.org
1761213499.404484,192.168.128.4,1.debian.pool.ntp.org
1761213499.404484,192.168.128.4,1.debian.pool.ntp.org
1761213499.404521,192.168.128.2,1.debian.pool.ntp.org
1761213499.404524,192.168.128.2,1.debian.pool.ntp.org
1761213499.404792,192.168.128.4,1.debian.pool.ntp.org
1761213499.404792,192.168.128.4,1.debian.pool.ntp.org
1761213529.647496,192.168.128.2,2.debian.pool.ntp.org
1761213529.647550,192.168.128.2,2.debian.pool.ntp.org
1761213529.649170,192.168.128.4,2.debian.pool.ntp.org
1761213529.649170,192.168.128.4,2.debian.pool.ntp.org
1761213529.649280,192.168.128.2,2.debian.pool.ntp.org
1761213529.649306,192.168.128.2,2.debian.pool.ntp.org
1761213529.650317,192.168.128.4,2.debian.pool.ntp.org
1761213529.650317,192.168.128.4,2.debian.pool.ntp.org
1761213529.650745,192.168.128.2,3.debian.pool.ntp.org
1761213529.650781,192.168.128.2,3.debian.pool.ntp.org
1761213529.651736,192.168.128.4,3.debian.pool.ntp.org
1761213529.651736,192.168.128.4,3.debian.pool.ntp.org
1761213529.651819,192.168.128.2,3.debian.pool.ntp.org
1761213529.651843,192.168.128.2,3.debian.pool.ntp.org
1761213529.652610,192.168.128.4,3.debian.pool.ntp.org
1761213529.652610,192.168.128.4,3.debian.pool.ntp.org
1761213529.652871,192.168.128.2,0.debian.pool.ntp.org
1761213529.652893,192.168.128.2,0.debian.pool.ntp.org
1761213529.653521,192.168.128.4,0.debian.pool.ntp.org
1761213529.653521,192.168.128.4,0.debian.pool.ntp.org
1761213529.653548,192.168.128.2,0.debian.pool.ntp.org
1761213529.653566,192.168.128.2,0.debian.pool.ntp.org
1761213529.654150,192.168.128.4,0.debian.pool.ntp.org
1761213529.654150,192.168.128.4,0.debian.pool.ntp.org
1761213529.654366,192.168.128.2,1.debian.pool.ntp.org
1761213529.654385,192.168.128.2,1.debian.pool.ntp.org
1761213529.655164,192.168.128.4,1.debian.pool.ntp.org
1761213529.655164,192.168.128.4,1.debian.pool.ntp.org
1761213529.655722,192.168.128.2,1.debian.pool.ntp.org
1761213529.655748,192.168.128.2,1.debian.pool.ntp.org
1761213529.656750,192.168.128.4,1.debian.pool.ntp.org
1761213529.656750,192.168.128.4,1.debian.pool.ntp.org
1761213529.657014,192.168.128.2,2.debian.pool.ntp.org
1761213529.657041,192.168.128.2,2.debian.pool.ntp.org
1761213529.657749,192.168.128.4,2.debian.pool.ntp.org
1761213529.657749,192.168.128.4,2.debian.pool.ntp.org
1761213529.657769,192.168.128.2,2.debian.pool.ntp.org
1761213529.657809,192.168.128.2,2.debian.pool.ntp.org
1761213529.658431,192.168.128.4,2.debian.pool.ntp.org
1761213529.658431,192.168.128.4,2.debian.pool.ntp.org
1761213529.658667,192.168.128.2,3.debian.pool.ntp.org
1761213529.658692,192.168.128.2,3.debian.pool.ntp.org
1761213529.659647,192.168.128.4,3.debian.pool.ntp.org
1761213529.659647,192.168.128.4,3.debian.pool.ntp.org
1761213529.659745,192.168.128.2,3.debian.pool.ntp.org
1761213529.659765,192.168.128.2,3.debian.pool.ntp.org
1761213529.660874,192.168.128.4,3.debian.pool.ntp.org
1761213529.660874,192.168.128.4,3.debian.pool.ntp.org
1761213529.661085,192.168.128.2,0.debian.pool.ntp.org
1761213529.661106,192.168.128.2,0.debian.pool.ntp.org
1761213529.661752,192.168.128.4,0.debian.pool.ntp.org
1761213529.661752,192.168.128.4,0.debian.pool.ntp.org
1761213529.661770,192.168.128.2,0.debian.pool.ntp.org
1761213529.661802,192.168.128.2,0.debian.pool.ntp.org
1761213529.662400,192.168.128.4,0.debian.pool.ntp.org
1761213529.662400,192.168.128.4,0.debian.pool.ntp.org
1761213529.662594,192.168.128.2,1.debian.pool.ntp.org
1761213529.662614,192.168.128.2,1.debian.pool.ntp.org
1761213529.663238,192.168.128.4,1.debian.pool.ntp.org
1761213529.663238,192.168.128.4,1.debian.pool.ntp.org
1761213529.663321,192.168.128.2,1.debian.pool.ntp.org
1761213529.663337,192.168.128.2,1.debian.pool.ntp.org
1761213529.664066,192.168.128.4,1.debian.pool.ntp.org
1761213529.664066,192.168.128.4,1.debian.pool.ntp.org
1761213529.664420,192.168.128.2,2.debian.pool.ntp.org
1761213529.664433,192.168.128.2,2.debian.pool.ntp.org
1761213529.665022,192.168.128.4,2.debian.pool.ntp.org
1761213529.665022,192.168.128.4,2.debian.pool.ntp.org
1761213529.665052,192.168.128.2,2.debian.pool.ntp.org
1761213529.665059,192.168.128.2,2.debian.pool.ntp.org
1761213529.665625,192.168.128.4,2.debian.pool.ntp.org
1761213529.665625,192.168.128.4,2.debian.pool.ntp.org
1761213529.665840,192.168.128.2,3.debian.pool.ntp.org
1761213529.665852,192.168.128.2,3.debian.pool.ntp.org
1761213529.666311,192.168.128.4,3.debian.pool.ntp.org
1761213529.666312,192.168.128.4,3.debian.pool.ntp.org
1761213529.666398,192.168.128.2,3.debian.pool.ntp.org
1761213529.666407,192.168.128.2,3.debian.pool.ntp.org
1761213529.666886,192.168.128.4,3.debian.pool.ntp.org
1761213529.666886,192.168.128.4,3.debian.pool.ntp.org
1761213559.896628,192.168.128.2,0.debian.pool.ntp.org
1761213559.896645,192.168.128.2,0.debian.pool.ntp.org
1761213559.897470,192.168.128.4,0.debian.pool.ntp.org
1761213559.897470,192.168.128.4,0.debian.pool.ntp.org
1761213559.897534,192.168.128.2,0.debian.pool.ntp.org
1761213559.897540,192.168.128.2,0.debian.pool.ntp.org
1761213559.898077,192.168.128.4,0.debian.pool.ntp.org
1761213559.898077,192.168.128.4,0.debian.pool.ntp.org
1761213559.898237,192.168.128.2,1.debian.pool.ntp.org
1761213559.898242,192.168.128.2,1.debian.pool.ntp.org
1761213559.898881,192.168.128.4,1.debian.pool.ntp.org
1761213559.898881,192.168.128.4,1.debian.pool.ntp.org
1761213559.898899,192.168.128.2,1.debian.pool.ntp.org
1761213559.898902,192.168.128.2,1.debian.pool.ntp.org
1761213559.899460,192.168.128.4,1.debian.pool.ntp.org
1761213559.899460,192.168.128.4,1.debian.pool.ntp.org
1761213559.899615,192.168.128.2,2.debian.pool.ntp.org
1761213559.899619,192.168.128.2,2.debian.pool.ntp.org
1761213559.900088,192.168.128.4,2.debian.pool.ntp.org
1761213559.900088,192.168.128.4,2.debian.pool.ntp.org
1761213559.900100,192.168.128.2,2.debian.pool.ntp.org
1761213559.900140,192.168.128.2,2.debian.pool.ntp.org
1761213559.900647,192.168.128.4,2.debian.pool.ntp.org
1761213559.900647,192.168.128.4,2.debian.pool.ntp.org
1761213559.900752,192.168.128.2,3.debian.pool.ntp.org
1761213559.900756,192.168.128.2,3.debian.pool.ntp.org
1761213559.901140,192.168.128.4,3.debian.pool.ntp.org
1761213559.901140,192.168.128.4,3.debian.pool.ntp.org
1761213559.901182,192.168.128.2,3.debian.pool.ntp.org
1761213559.901185,192.168.128.2,3.debian.pool.ntp.org
1761213559.901641,192.168.128.4,3.debian.pool.ntp.org
1761213559.901641,192.168.128.4,3.debian.pool.ntp.org
1761213559.901807,192.168.128.2,0.debian.pool.ntp.org
1761213559.901811,192.168.128.2,0.debian.pool.ntp.org
1761213559.902125,192.168.128.4,0.debian.pool.ntp.org
1761213559.902125,192.168.128.4,0.debian.pool.ntp.org
1761213559.902136,192.168.128.2,0.debian.pool.ntp.org
1761213559.902139,192.168.128.2,0.debian.pool.ntp.org
1761213559.902858,192.168.128.4,0.debian.pool.ntp.org
1761213559.902858,192.168.128.4,0.debian.pool.ntp.org
1761213559.902985,192.168.128.2,1.debian.pool.ntp.org
1761213559.902990,192.168.128.2,1.debian.pool.ntp.org
1761213559.903561,192.168.128.4,1.debian.pool.ntp.org
1761213559.903561,192.168.128.4,1.debian.pool.ntp.org
1761213559.903605,192.168.128.2,1.debian.pool.ntp.org
1761213559.903615,192.168.128.2,1.debian.pool.ntp.org
1761213559.904253,192.168.128.4,1.debian.pool.ntp.org
1761213559.904253,192.168.128.4,1.debian.pool.ntp.org
1761213559.904436,192.168.128.2,2.debian.pool.ntp.org
1761213559.904440,192.168.128.2,2.debian.pool.ntp.org
1761213559.904862,192.168.128.4,2.debian.pool.ntp.org
1761213559.904862,192.168.128.4,2.debian.pool.ntp.org
1761213559.904872,192.168.128.2,2.debian.pool.ntp.org
1761213559.904875,192.168.128.2,2.debian.pool.ntp.org
1761213559.905281,192.168.128.4,2.debian.pool.ntp.org
1761213559.905281,192.168.128.4,2.debian.pool.ntp.org
1761213559.905359,192.168.128.2,3.debian.pool.ntp.org
1761213559.905363,192.168.128.2,3.debian.pool.ntp.org
1761213559.905630,192.168.128.4,3.debian.pool.ntp.org
1761213559.905630,192.168.128.4,3.debian.pool.ntp.org
1761213559.905652,192.168.128.2,3.debian.pool.ntp.org
1761213559.905656,192.168.128.2,3.debian.pool.ntp.org
1761213559.906069,192.168.128.4,3.debian.pool.ntp.org
1761213559.906069,192.168.128.4,3.debian.pool.ntp.org
1761213559.906150,192.168.128.2,0.debian.pool.ntp.org
1761213559.906154,192.168.128.2,0.debian.pool.ntp.org
1761213559.906407,192.168.128.4,0.debian.pool.ntp.org
1761213559.906407,192.168.128.4,0.debian.pool.ntp.org
1761213559.906418,192.168.128.2,0.debian.pool.ntp.org
1761213559.906421,192.168.128.2,0.debian.pool.ntp.org
1761213559.906875,192.168.128.4,0.debian.pool.ntp.org
1761213559.906875,192.168.128.4,0.debian.pool.ntp.org
1761213559.906988,192.168.128.2,1.debian.pool.ntp.org
1761213559.906993,192.168.128.2,1.debian.pool.ntp.org
1761213559.907748,192.168.128.4,1.debian.pool.ntp.org
1761213559.907748,192.168.128.4,1.debian.pool.ntp.org
1761213559.907927,192.168.128.2,1.debian.pool.ntp.org
1761213559.907980,192.168.128.2,1.debian.pool.ntp.org
1761213559.908390,192.168.128.4,1.debian.pool.ntp.org
1761213559.908390,192.168.128.4,1.debian.pool.ntp.org
1761213590.143906,192.168.128.2,2.debian.pool.ntp.org
1761213590.143916,192.168.128.2,2.debian.pool.ntp.org
1761213590.144615,192.168.128.4,2.debian.pool.ntp.org
1761213590.144615,192.168.128.4,2.debian.pool.ntp.org
1761213590.144654,192.168.128.2,2.debian.pool.ntp.org
1761213590.144663,192.168.128.2,2.debian.pool.ntp.org
1761213590.145119,192.168.128.4,2.debian.pool.ntp.org
1761213590.145119,192.168.128.4,2.debian.pool.ntp.org
1761213590.145307,192.168.128.2,3.debian.pool.ntp.org
1761213590.145317,192.168.128.2,3.debian.pool.ntp.org
1761213590.145769,192.168.128.4,3.debian.pool.ntp.org
1761213590.145769,192.168.128.4,3.debian.pool.ntp.org
1761213590.145822,192.168.128.2,3.debian.pool.ntp.org
1761213590.145831,192.168.128.2,3.debian.pool.ntp.org
1761213590.146328,192.168.128.4,3.debian.pool.ntp.org
1761213590.146328,192.168.128.4,3.debian.pool.ntp.org
1761213590.146527,192.168.128.2,0.debian.pool.ntp.org
1761213590.146537,192.168.128.2,0.debian.pool.ntp.org
1761213590.147060,192.168.128.4,0.debian.pool.ntp.org
1761213590.147060,192.168.128.4,0.debian.pool.ntp.org
1761213590.147081,192.168.128.2,0.debian.pool.ntp.org
1761213590.147089,192.168.128.2,0.debian.pool.ntp.org
1761213590.147772,192.168.128.4,0.debian.pool.ntp.org
1761213590.147772,192.168.128.4,0.debian.pool.ntp.org
1761213590.147931,192.168.128.2,1.debian.pool.ntp.org
1761213590.147939,192.168.128.2,1.debian.pool.ntp.org
1761213590.148715,192.168.128.4,1.debian.pool.ntp.org
1761213590.148715,192.168.128.4,1.debian.pool.ntp.org
1761213590.148792,192.168.128.2,1.debian.pool.ntp.org
1761213590.148802,192.168.128.2,1.debian.pool.ntp.org
1761213590.149421,192.168.128.4,1.debian.pool.ntp.org
1761213590.149421,192.168.128.4,1.debian.pool.ntp.org
1761213590.149568,192.168.128.2,2.debian.pool.ntp.org
1761213590.149575,192.168.128.2,2.debian.pool.ntp.org
1761213590.150037,192.168.128.4,2.debian.pool.ntp.org
1761213590.150038,192.168.128.4,2.debian.pool.ntp.org
1761213590.150097,192.168.128.2,2.debian.pool.ntp.org
1761213590.150104,192.168.128.2,2.debian.pool.ntp.org
1761213590.150966,192.168.128.4,2.debian.pool.ntp.org
1761213590.150966,192.168.128.4,2.debian.pool.ntp.org
1761213590.151047,192.168.128.2,3.debian.pool.ntp.org
1761213590.151054,192.168.128.2,3.debian.pool.ntp.org
1761213590.151818,192.168.128.4,3.debian.pool.ntp.org
1761213590.151818,192.168.128.4,3.debian.pool.ntp.org
1761213590.151836,192.168.128.2,3.debian.pool.ntp.org
1761213590.151844,192.168.128.2,3.debian.pool.ntp.org
1761213590.152636,192.168.128.4,3.debian.pool.ntp.org
1761213590.152636,192.168.128.4,3.debian.pool.ntp.org
1761213590.152767,192.168.128.2,0.debian.pool.ntp.org
1761213590.152774,192.168.128.2,0.debian.pool.ntp.org
1761213590.153121,192.168.128.4,0.debian.pool.ntp.org
1761213590.153121,192.168.128.4,0.debian.pool.ntp.org
1761213590.153172,192.168.128.2,0.debian.pool.ntp.org
1761213590.153178,192.168.128.2,0.debian.pool.ntp.org
1761213590.153505,192.168.128.4,0.debian.pool.ntp.org
1761213590.153505,192.168.128.4,0.debian.pool.ntp.org
1761213590.153618,192.168.128.2,1.debian.pool.ntp.org
1761213590.153624,192.168.128.2,1.debian.pool.ntp.org
1761213590.154000,192.168.128.4,1.debian.pool.ntp.org
1761213590.154000,192.168.128.4,1.debian.pool.ntp.org
1761213590.154013,192.168.128.2,1.debian.pool.ntp.org
1761213590.154018,192.168.128.2,1.debian.pool.ntp.org
1761213590.154399,192.168.128.4,1.debian.pool.ntp.org
1761213590.154399,192.168.128.4,1.debian.pool.ntp.org
1761213590.154530,192.168.128.2,2.debian.pool.ntp.org
1761213590.154536,192.168.128.2,2.debian.pool.ntp.org
1761213590.154943,192.168.128.4,2.debian.pool.ntp.org
1761213590.154943,192.168.128.4,2.debian.pool.ntp.org
1761213590.154997,192.168.128.2,2.debian.pool.ntp.org
1761213590.155008,192.168.128.2,2.debian.pool.ntp.org
1761213590.155511,192.168.128.4,2.debian.pool.ntp.org
1761213590.155512,192.168.128.4,2.debian.pool.ntp.org
1761213590.155669,192.168.128.2,3.debian.pool.ntp.org
1761213590.155675,192.168.128.2,3.debian.pool.ntp.org
1761213590.156241,192.168.128.4,3.debian.pool.ntp.org
1761213590.156241,192.168.128.4,3.debian.pool.ntp.org
1761213590.156259,192.168.128.2,3.debian.pool.ntp.org
1761213590.156272,192.168.128.2,3.debian.pool.ntp.org
1761213590.156641,192.168.128.4,3.debian.pool.ntp.org
1761213590.156641,192.168.128.4,3.debian.pool.ntp.org
1761213595.088746,192.168.128.3,_ipp._tcp.local
1761213596.031624,,_ipps._tcp.local
