timestamp,src_ip,url
1761213524.686634,192.168.128.3,http://192.168.128.4/
1761213524.686646,192.168.128.3,http://192.168.128.4/
1761213536.733500,192.168.128.3,http://192.168.128.4/
1761213536.733507,192.168.128.3,http://192.168.128.4/
1761213537.373077,192.168.128.3,http://192.168.128.4/
1761213537.373120,192.168.128.3,http://192.168.128.4/
1761213556.407369,192.168.128.3,http://192.168.128.4/
1761213556.407434,192.168.128.3,http://192.168.128.4/
1761213578.506037,192.168.128.3,http://192.168.128.4/
1761213578.506044,192.168.128.3,http://192.168.128.4/
